-148,121,-90,164,-125,-121,-152,33,-12,-59,-54,-149,-199,57,-56,-22,-120,55,0,83,100,94,13,-8,-183,-97,169,-91,-103,135,163,126,-7,199,150,-22,60,-42,84,42,95,136,79,38,-90,99,-121,148,-36,-21,-81,-189,139,179,-35,-121,-110,27,80,47,-14,4,-62,-183,-194,-158,124,-44,92,-99,128,-68,164,23,149,125,-46,33,24,134,-91,-46,-53,-152,189,-53,-58,-36,-178,-165,138,-54,162,190,-43,47,-193,-129,-64,-195
78,-130,-104,3,-45,-43,-16,170,-41,-4,-143,-92,-12,43,111,-24,45,-135,-103,-126,-42,175,-95,-105,95,27,3,-34,-12,146,179,31,-129,-59,-112,111,167,73,-55,-118,164,61,103,-190,93,-125,31,-160,-16,132,-56,-164,77,-163,-49,105,-142,33,-82,-23,-117,166,-85,-198,-191,74,58,-6,7,119,176,-34,120,-153,92,-120,184,200,72,185,65,-164,41,31,-135,82,82,-84,-41,25,-5,-84,186,-134,136,-71,-98,-19,-130,-179
-44,111,-148,-10,-85,-63,-18,84,60,198,45,143,-59,100,-115,119,-116,-137,-200,-89,-60,67,-67,-19,-108,-197,136,56,-173,-69,94,174,120,-156,119,157,139,154,-164,-147,-94,106,-32,-43,113,-124,-112,-44,-142,140,132,145,24,160,188,13,-34,-88,-95,-48,150,-146,64,-134,-143,-117,100,-43,-29,-128,-148,-112,-112,12,-164,-157,164,98,-124,-19,-72,-183,-71,-191,105,39,-127,-195,181,48,2,-126,-76,128,-115,-79,-173,125,63,199
-114,81,-93,46,-10,-172,156,23,116,-35,-52,13,182,46,-10,137,-47,-12,124,149,167,-71,-5,128,-79,-29,82,173,-95,155,33,91,67,-132,-37,-46,78,31,47,76,-128,20,-127,169,-74,-159,-71,105,-81,75,61,-104,173,50,-199,81,-177,-112,72,-111,-69,-152,107,118,-94,-129,111,-176,156,-198,-102,-131,149,58,-144,-1,-106,-85,0,-40,10,152,-56,-119,185,144,-4,-81,144,118,-148,-135,154,34,77,60,140,-63,-76,-64
-62,8,132,-186,-57,191,-123,-119,-3,-81,129,-3,-29,145,123,-40,-103,115,-70,39,148,15,-131,123,-1,-147,-16,-126,-108,-140,147,-55,-139,-160,-85,171,-200,-163,-195,92,-55,-47,-78,112,-98,92,2,139,77,71,-141,-97,-22,-122,197,-2,-19,-182,200,-9,6,-149,52,-33,-85,21,17,-2,133,-194,-109,-89,21,-118,-113,-43,-6,84,-50,-165,144,62,1,48,167,-167,-186,-132,27,-29,18,-170,-33,193,-180,183,-102,-190,51,-116
-31,171,-118,142,71,-96,65,184,-187,-141,-69,-28,-115,165,-113,128,-30,-198,-176,-25,-31,-22,-199,-32,-171,48,14,-176,22,27,-33,122,81,-51,-155,-196,105,151,-20,167,-19,168,-174,50,-55,-89,-80,0,177,-23,-55,-84,38,-194,174,-189,-30,-42,-62,47,81,12,0,139,-75,-46,-49,157,89,33,-72,-163,108,-129,143,-196,-23,-95,-11,-113,32,126,85,121,166,-69,18,195,-48,-6,160,47,-71,-57,88,130,178,24,183,123
143,-69,168,4,151,-117,98,189,-6,-176,-123,47,-149,-103,94,40,187,-83,-76,-32,193,-185,-164,-35,117,188,-184,-103,197,76,-189,-62,102,5,158,-17,-163,-110,193,134,-196,-70,32,-64,-145,-21,-110,-94,27,-106,192,29,75,192,-71,-87,-52,-55,105,-129,161,186,-160,113,140,73,103,159,-88,200,-46,-189,137,-177,74,25,96,164,197,90,-9,-40,55,132,11,50,-96,54,95,-31,-200,-156,-52,-76,125,-84,-133,187,141,97
-196,-26,25,-92,100,84,-144,-42,199,-186,73,94,188,-163,-162,98,54,17,-34,-164,-100,23,124,53,-75,26,52,188,76,-67,121,-173,106,-133,37,61,139,-18,82,113,-102,4,-4,-36,109,114,103,38,-130,-118,2,114,164,-161,55,198,22,-57,198,-94,128,139,-86,140,57,-75,-175,37,183,145,-101,132,-102,-68,-152,-8,148,-183,50,-133,-18,128,-78,-131,194,197,70,-6,53,-115,-116,-197,123,-183,-163,90,193,35,-168,88
162,-193,36,-35,56,123,81,-57,-131,-92,-69,-17,75,-20,-14,23,18,58,156,30,3,-174,85,-125,25,95,6,193,121,46,26,129,-166,-148,-134,103,0,187,-59,96,-17,-39,77,141,7,113,185,-145,-131,171,-143,-13,-198,3,47,-169,132,-11,-105,99,32,157,-154,-105,110,-86,155,121,129,111,-16,-138,-163,70,139,-84,-158,-167,148,81,-127,86,14,-179,109,182,-68,-131,-200,-52,124,-137,157,-13,3,-25,119,67,32,18
-75,-113,-199,-168,-142,-129,3,-127,170,-66,164,-180,-86,197,151,125,198,178,-73,-39,102,-183,-47,-52,-27,-121,195,185,-197,136,-38,74,-49,96,-34,-117,-34,71,-107,-88,-106,-112,35,-36,36,144,-82,152,-12,-24,178,64,102,197,-97,44,6,-168,-13,-186,11,69,-147,-20,75,193,-23,-129,-155,-112,-176,-17,-68,-159,24,198,159,44,183,68,-75,-79,-165,-187,37,-57,-140,115,-37,-81,113,196,145,-169,-198,36,-17,-25,-188,0
-1,151,78,187,-77,-109,176,157,25,36,-125,51,-8,171,35,128,-180,94,-188,180,157,-150,-4,54,-36,-88,71,-76,76,-105,-48,101,113,25,103,-46,170,14,-46,132,163,151,-143,-23,88,38,40,-148,186,-88,86,-107,-26,110,-61,-93,37,152,168,109,147,-1,-12,-58,156,-90,58,-9,-8,-83,163,-56,-84,-93,7,100,-75,71,149,163,78,-12,-13,30,-20,-123,193,7,22,-152,-139,123,47,16,157,173,-53,172,-125,149
184,18,-34,-147,-114,111,-108,48,-36,161,-168,17,173,88,68,-106,-121,114,-98,-49,-159,111,37,160,164,-14,26,200,-53,129,-59,163,195,-164,91,-185,86,161,-187,59,140,-120,151,-27,178,99,182,-146,182,171,133,-26,-4,85,-193,196,-170,50,196,-73,73,-141,136,-188,-153,-83,66,10,-106,141,41,20,19,6,-183,-74,-195,-135,-192,29,112,196,-33,35,46,-63,-9,3,46,107,132,38,-127,119,-150,-32,68,-190,40,-157
-187,-72,15,62,117,43,69,133,-49,-35,132,185,-12,-135,154,199,155,94,-93,-64,184,188,-30,-134,197,158,-13,-30,-122,-58,-133,-132,-96,-17,-23,71,-165,-49,-170,125,130,95,46,165,137,66,-33,-128,181,-5,-61,-66,59,125,-86,-17,-183,73,24,-133,108,-27,-34,79,2,2,172,-151,101,147,-14,35,169,107,2,-35,-142,142,-119,177,-22,-182,-191,-167,66,-183,-78,119,-42,-54,-134,-126,-90,-15,85,-43,63,-104,-75,160
71,-169,63,-94,-65,29,58,-44,-73,199,-91,66,81,42,-148,-133,-88,24,34,-93,-101,153,-139,-197,170,108,130,123,69,-61,-119,-189,87,144,-185,-119,-72,9,9,-94,-186,-185,-29,71,-55,-62,162,-51,172,-199,158,78,93,53,149,60,-2,165,61,-63,85,112,75,-70,-99,119,-180,-186,119,166,-48,144,139,57,-112,2,-40,-25,199,-113,-65,-125,-80,-166,20,-26,119,182,3,-136,-124,-186,127,-30,-35,-150,-30,8,-123,116
-94,124,76,59,196,-96,93,62,87,21,131,102,180,25,93,121,-167,189,156,9,-51,44,-52,129,-176,149,170,0,43,-148,-75,17,106,0,-29,196,-68,92,-186,-105,177,-40,43,-26,33,-184,-99,-164,-22,128,194,91,-175,154,158,-183,-182,52,192,-55,9,41,186,191,199,29,-136,-27,-94,-8,48,-179,-112,-61,-89,21,-90,-19,61,-60,79,-99,112,9,-2,139,-178,190,117,86,-72,53,138,-79,19,-133,195,94,-103,129
153,-148,139,-43,-121,57,-86,138,-96,-151,-184,184,159,-100,158,52,45,169,177,182,92,122,-25,149,178,-85,-113,-31,125,-122,-48,-121,110,-84,121,159,100,-43,-85,90,29,-79,75,194,188,-187,-137,-100,176,-152,-146,-79,86,95,145,26,-178,135,-118,-126,48,-147,96,10,100,-33,60,-77,46,100,-116,-40,138,137,172,-87,-127,61,135,149,136,-92,-169,-68,-166,41,-45,-99,135,182,153,15,116,-116,-160,-138,123,-106,119,153
-175,146,-49,165,-164,176,-8,84,-61,-51,-10,110,-195,156,87,-128,-44,109,132,77,135,16,-79,-192,50,-7,103,-88,68,68,117,-190,36,129,50,106,197,-71,-131,-131,-198,26,-190,175,-65,101,23,175,-182,51,-160,158,171,-2,104,18,192,60,-111,76,-119,172,168,-124,69,68,-101,-91,-140,-99,16,31,-176,63,-19,40,31,-127,-7,83,177,-194,-156,135,157,-153,78,60,124,-186,-70,-185,-92,-151,2,-63,195,175,73,4
-110,-38,-149,-71,-47,-113,160,155,-76,65,7,-46,101,-34,58,-193,-48,118,-3,-124,113,142,-189,153,-50,136,-191,-119,62,-58,-104,90,53,87,-139,-75,182,96,-199,175,-177,-117,94,-88,149,99,117,-66,-88,126,-125,-19,44,46,119,-47,-189,-133,-118,-179,-91,31,-118,-77,131,-34,156,-9,-60,-127,-57,89,70,-178,-141,139,-73,-35,98,197,-1,-177,-119,39,120,71,173,-163,-180,136,-198,150,-124,176,0,1,-35,-135,69,8
-78,-197,128,-30,-74,-142,-132,-94,122,13,42,135,-190,129,200,78,71,151,-97,109,-159,-194,-2,-68,199,-133,-184,-143,-89,-41,155,160,-197,-51,-27,-98,-165,-33,-112,62,158,-146,-96,-16,195,165,132,142,173,119,-71,-197,95,-73,-11,-59,-199,-9,-34,105,-85,6,-125,-140,-110,106,154,41,-22,132,-69,158,-90,191,55,-86,171,53,64,110,-108,-78,-47,173,6,-60,-55,-91,-132,-199,81,16,18,108,-70,-89,-193,-126,-91,-198
181,-151,132,-148,6,89,76,74,-112,-83,-102,-186,99,155,-185,124,-129,109,4,171,-184,108,15,-2,153,-47,-134,138,-17,-119,-102,87,36,-71,156,-32,188,-192,40,-143,141,-185,-200,70,-177,108,183,-159,-157,10,-62,-146,28,-168,-20,-36,63,173,-183,104,142,-96,-52,128,92,83,-14,-62,10,158,-75,187,198,75,-18,149,142,42,-24,-35,-177,-170,97,121,-84,20,194,49,-12,17,114,62,-195,-17,65,-121,-130,-4,144,57
-12,108,90,132,-158,-143,-38,-199,-161,-161,-87,58,47,-22,72,168,-91,-108,-137,-59,-59,-187,129,-59,-138,27,-116,47,-95,-182,134,79,86,-31,-147,56,1,83,-165,117,-60,16,65,-26,172,-147,80,103,-10,145,159,56,-110,-117,-41,66,-141,10,-40,-23,106,-1,-36,-43,-100,128,78,159,49,82,-127,107,79,58,-182,106,68,148,-126,159,-22,155,-73,175,91,171,23,-192,22,-115,-45,-70,-32,45,-17,-53,143,-200,-178,-139
19,167,116,-183,-28,182,-20,-87,136,160,100,-89,176,-71,74,-73,32,67,-164,170,1,15,72,120,-199,-149,-88,100,131,-181,103,-59,9,181,-29,-52,-134,14,-4,34,-56,147,-115,54,124,-123,27,-77,-62,73,99,75,-17,-7,167,188,-45,47,143,-75,73,156,-156,-148,-165,16,100,-48,-121,149,7,4,-153,-36,128,-73,69,-62,137,-168,142,144,115,59,123,-127,180,-27,-124,-165,-34,171,-170,-150,-102,-168,139,-64,43,-72
119,50,-160,-92,-12,-62,185,128,23,-151,141,-192,67,134,-10,103,-138,173,-178,175,-174,54,-54,-95,10,-82,165,-129,186,92,61,-24,-69,82,-154,115,194,130,76,-72,-21,-95,15,-29,72,-177,133,-103,105,-113,-16,-61,-58,168,-133,140,-194,5,-142,153,34,196,130,66,-128,-18,120,-64,28,4,30,-68,79,25,-200,125,162,-176,72,-6,188,121,-169,-36,53,124,-15,29,144,-177,32,-106,-34,-183,76,-70,196,52,-107,21
61,158,-189,-15,149,-74,-47,-107,75,143,-91,-22,171,-105,-174,10,101,172,10,-95,148,-23,55,102,96,-115,-38,177,38,-100,53,187,121,-91,-67,92,158,85,121,-23,110,-11,-59,-139,-183,18,-147,-30,-176,-106,-179,179,130,160,-161,-90,100,-98,-189,-3,86,-69,102,-67,131,-27,93,-194,-166,-26,177,189,-113,-112,56,138,-69,-168,2,-12,142,3,-42,-186,-16,-184,-165,177,-41,150,-124,87,100,-153,-155,-166,119,158,167,-157
77,-174,-145,-57,86,-27,-1,-8,-72,-133,-162,120,94,-24,186,134,133,-177,96,141,-52,79,-83,-150,189,170,94,-45,24,100,-119,-125,55,-2,-16,-187,-157,5,147,-51,-185,40,-48,66,166,42,78,10,97,-161,29,-128,161,52,193,-43,102,13,-21,197,16,94,-1,-200,-144,91,-151,160,115,129,-93,105,97,-50,-11,108,184,162,-65,54,40,103,-48,148,-23,-62,43,-2,72,-122,-9,148,157,-92,-81,-11,43,54,-33,14
140,-15,-85,137,-184,-148,-29,-105,128,-33,13,171,-181,-24,-139,62,106,162,-124,-88,-154,100,-72,1,-81,129,7,-91,-124,173,39,-36,-57,42,-14,166,14,-122,1,19,189,-157,-164,-51,168,-121,-70,25,-135,-27,120,-39,-111,163,-23,102,-80,28,-21,-88,-148,174,-184,54,180,-146,92,-153,-131,-35,-172,-9,81,101,35,187,-61,40,-33,104,-3,109,39,200,50,91,27,-76,-16,-20,-84,37,-38,102,-21,144,73,181,-4,121
-3,-108,-79,-165,-38,-80,-50,-98,-72,108,74,-84,-60,47,-8,-81,151,-147,125,14,167,-196,-35,-153,-179,-46,-81,-172,197,-158,20,122,18,-64,193,106,-175,-139,-156,15,25,-18,-120,75,16,148,-132,137,15,127,84,-54,-69,-165,87,198,8,-25,-196,-176,70,-6,156,72,79,0,-159,-81,193,31,-41,-54,101,-179,85,126,-120,126,-49,99,-196,99,-146,-7,33,199,94,6,-142,128,-149,13,22,7,95,-164,-160,28,38,48
144,-180,53,-70,-150,-12,139,1,-180,-98,-2,193,78,32,185,57,168,188,141,-37,123,196,-127,56,97,-109,104,-49,76,177,168,96,-109,-70,-198,-75,-111,121,-1,-124,119,-200,-181,69,-77,-73,144,22,135,-142,128,-125,142,177,-157,-91,144,-183,-61,169,105,117,180,-55,-197,-136,18,-191,-86,141,185,47,-141,-200,-138,-173,100,116,17,-18,83,157,53,43,16,140,-191,-28,-67,-35,114,188,75,185,-86,-148,-162,124,-5,1
-69,168,-96,-68,-156,73,196,-93,94,-60,94,-126,-113,-112,22,131,98,-134,-155,-119,29,13,135,38,102,-50,-43,62,155,58,-75,175,-114,89,5,184,-166,-132,166,43,-101,173,-159,191,-154,-125,148,6,122,18,43,-101,-157,-18,-91,180,36,-53,70,37,-142,-139,-181,-195,183,26,-37,135,-152,9,-141,-177,-116,109,-73,161,84,-10,73,-11,103,30,-187,-189,-180,141,42,121,86,-48,107,-129,100,-194,-9,-71,-69,-98,58,-128
128,-26,-31,118,171,-165,62,-197,79,109,-175,94,-187,-54,-123,70,-93,61,57,77,-8,-192,186,-152,181,72,184,-106,-135,-160,-140,-44,-180,-48,47,106,-183,-199,-67,120,106,-199,-182,-63,141,28,-189,51,-104,22,-80,-19,-140,123,-184,-136,-59,200,-168,135,69,-99,-42,108,-170,-197,-37,102,113,38,-150,-65,-50,-84,191,-54,-1,124,-72,-172,58,49,-110,-122,-81,42,-110,22,-95,51,69,-131,-165,-35,-21,-118,-71,-57,-124,39
31,-129,-197,170,-126,-101,106,189,78,-116,178,132,119,-193,-122,-75,136,-149,-129,126,-91,-91,-141,-132,-55,-193,170,146,-1,28,-31,-142,-62,-61,75,55,-167,-60,-50,-88,98,-56,-147,-90,-126,110,-42,45,152,45,-60,-94,107,127,-12,40,-47,-1,-145,-48,-65,128,64,-146,-174,67,-41,119,167,132,50,-167,-101,-102,-59,-159,-146,128,-62,-78,17,154,112,-173,74,116,180,62,168,155,139,107,-81,-124,115,177,73,59,-20,-125
178,162,183,41,35,-127,38,-160,-134,-166,-17,-174,-185,48,108,133,71,-154,165,168,191,180,-172,148,131,112,-158,193,7,194,-194,-129,-4,195,18,-100,-129,160,58,12,-87,39,-37,-44,130,-128,-122,191,-20,1,-3,-102,106,17,164,68,162,-113,56,127,-77,175,102,-184,95,176,139,-130,-19,157,-195,-144,83,86,93,-176,41,127,39,-189,-172,34,-162,-153,-155,-137,178,110,-163,89,-157,-2,-114,-169,66,25,-156,-93,-68,-179
-192,105,62,-90,-118,-135,-122,-152,159,120,-75,18,142,122,-174,-112,41,-90,-159,-3,-55,-12,-82,-37,-177,36,65,63,165,-198,-104,-133,-111,-128,-171,129,63,151,-195,77,123,-192,104,-29,181,177,-132,-156,11,95,40,45,-168,-161,-17,-161,-87,-94,148,-141,-85,-18,117,139,-22,-117,95,-193,-55,76,-103,195,-177,68,-167,1,1,-134,-182,-164,175,-62,-66,83,176,-186,27,-98,188,-22,33,-37,-14,-19,-2,-153,70,113,-134,29
57,-103,-147,-85,-172,-120,199,3,-180,136,116,-168,182,50,130,-169,-48,-105,155,20,25,-157,162,109,-3,-70,-29,-162,-111,154,-128,51,-157,-83,114,-144,36,-100,-28,13,129,66,-131,-183,0,-98,79,32,194,-136,-140,-181,-150,48,-165,105,-100,192,-181,-175,-179,47,16,-37,167,-185,122,17,92,-141,-78,-43,-24,162,41,53,-118,-39,21,-189,4,-66,-71,-149,-181,84,68,71,-142,-12,-88,-165,-165,-95,108,78,-198,-109,181,-135
-179,-99,93,-108,-81,101,156,-70,-122,127,-38,-177,-123,-28,153,195,-103,-20,11,79,-123,-143,179,-177,-91,-163,-32,-194,167,165,86,38,-5,-46,134,87,172,-97,15,140,-30,21,-58,25,-61,-197,141,-191,-29,-78,-192,-109,90,-64,148,-156,-135,58,-92,-22,-13,27,117,-134,-77,-120,39,170,-27,-90,-91,-135,-31,31,148,160,64,24,-70,144,16,100,-59,59,-163,153,-125,43,88,140,151,12,74,-113,31,-184,-55,-112,-140,4
-200,-184,-200,-89,53,-12,-144,-79,106,-72,-137,156,75,-177,69,44,87,-35,-181,71,-135,7,-40,132,-155,73,162,20,73,198,-137,-163,-83,2,157,173,-47,45,-141,3,108,15,-27,-103,21,56,39,122,-24,-177,-113,63,-54,-152,-195,-170,-6,124,118,-159,154,71,54,153,-60,-79,-56,163,189,-177,152,64,-154,125,16,101,108,-110,-37,-116,-36,108,179,75,-75,130,142,152,-172,-44,-141,-178,-36,-46,-11,24,87,48,179,189
1,73,51,86,-200,111,24,83,104,6,17,-69,-99,-143,100,-170,-162,77,-132,-9,-57,-20,147,-178,158,-139,-65,-19,59,-113,191,36,112,8,-43,-71,170,1,-164,-179,55,158,-46,-53,52,36,122,81,-15,187,145,191,137,147,-162,123,-42,145,13,107,40,148,62,-120,125,178,181,31,-58,168,-37,-146,-198,132,79,-76,177,184,-51,68,-40,39,24,-141,60,160,179,-183,-152,186,186,199,55,61,-199,156,-37,-178,54,154
179,79,-70,-10,-153,198,-76,93,125,52,-111,177,-165,-97,-141,69,192,-7,-83,-118,185,40,65,92,120,-69,75,-184,18,33,139,101,183,2,184,-91,-144,-17,-159,-16,-182,-200,31,-174,-112,-112,200,-2,-153,105,169,-134,-160,98,49,-32,6,-47,-149,-137,-111,29,-152,-125,81,197,131,71,87,-84,-196,145,189,20,-55,151,-139,-77,152,-158,157,-105,117,63,-142,187,-98,-138,102,-70,-26,144,169,121,145,70,67,45,195,-39
154,-147,-58,148,194,91,-34,198,-7,-35,-199,99,-120,-24,-11,106,-51,80,158,103,-152,183,108,151,-55,-183,-89,72,-64,-90,-19,1,154,20,160,13,158,-57,-80,-25,-80,64,-147,75,71,-155,-169,142,0,-200,92,156,173,-132,-74,153,-47,-78,38,-60,153,-152,-122,121,18,44,-43,-5,2,-59,179,-58,101,27,-143,183,-69,97,22,13,135,153,-104,133,115,130,15,-172,-27,-76,70,96,200,-148,194,36,196,120,-168,4
32,-118,-4,56,145,87,-58,138,-162,37,-24,-48,3,-54,46,130,104,-15,143,-107,78,-114,100,16,-187,-49,-98,-185,-119,-184,193,115,-64,135,130,-104,-84,48,-102,14,-81,-168,-39,-110,83,195,198,-121,-11,-107,-160,146,84,-153,-168,177,160,-86,170,112,-126,191,17,8,152,164,-48,-188,-135,-195,5,-138,41,73,-165,200,87,50,-1,148,159,-87,-156,-26,-124,-156,119,-176,-136,195,-42,-44,38,173,-182,47,-186,28,-29,-40
-109,-137,-138,-98,81,77,-7,149,158,127,109,-176,-160,-127,35,-193,24,195,-104,181,162,-92,-74,-71,53,-40,96,56,18,-90,68,94,-11,-157,-38,86,182,-29,-102,158,-116,-80,-43,-38,50,167,-108,-114,15,-20,47,-154,147,97,-116,-121,-3,-16,54,12,-36,52,-174,162,-183,-157,-188,-191,-129,62,-164,-115,-138,-173,149,193,50,61,158,164,-193,-90,-64,27,-119,-114,-17,-68,-138,-180,-151,29,-165,-50,18,-54,117,16,-135,-36
54,-1,-198,105,-53,164,174,-89,-25,128,136,64,-59,54,158,-171,32,167,183,-82,38,41,173,-104,-111,-111,61,-45,99,-144,114,-132,73,155,-127,99,-158,159,106,-10,67,58,-109,-110,-69,65,93,-190,-9,140,-85,125,-175,-167,-33,94,-121,-132,129,-50,70,-176,5,-78,-36,-117,38,-185,-172,-17,-161,187,123,181,-84,36,54,199,-100,-87,-107,-173,171,-129,-34,116,-158,-110,188,87,180,95,20,-149,146,146,-49,-120,156,-28
-149,-82,101,105,94,-96,-195,104,-142,-11,14,193,-125,148,139,199,172,-17,115,-41,186,-81,124,-137,-115,60,-47,-63,-131,-8,107,-36,131,99,78,-67,150,-159,30,-52,5,61,-126,34,-130,188,-42,-46,-12,189,-130,-192,-85,140,11,-72,-31,-119,150,191,65,84,-84,71,-63,53,99,180,-4,94,78,-92,177,142,147,129,200,167,31,29,6,-169,-112,-90,-121,-51,-1,194,-32,158,157,138,-28,-17,-166,-48,34,-53,-127,152
189,16,-42,171,97,-42,146,55,90,-8,-51,-87,145,-110,26,-184,-78,-64,24,105,112,13,-188,-20,-200,-85,113,58,181,22,-105,-3,12,99,181,-175,4,54,-120,-126,112,140,-145,14,-89,-199,-104,-30,51,-67,-114,-3,18,13,14,-84,14,-123,-45,55,57,126,66,145,-4,-89,78,122,102,-134,-147,-143,20,21,-186,42,-73,182,172,-16,-40,17,135,173,-68,23,-164,-38,188,152,-76,196,10,-114,195,179,-34,165,190,-75
-82,-138,188,-74,-61,125,-24,14,150,1,-23,101,119,-195,-181,-155,-69,-126,-82,-119,85,150,-62,60,101,191,103,-190,132,-102,30,158,168,101,-160,185,178,90,54,-195,-10,-161,-141,-187,-130,145,-31,-73,-170,-13,-22,-92,-76,-118,105,109,96,-141,41,28,-159,136,-91,-87,150,-158,32,184,59,-15,-159,35,0,-90,-144,81,113,-103,-104,-49,12,-82,-155,170,-42,109,-100,-141,156,-109,173,-150,-181,-105,-96,-93,126,83,21,133
87,-114,-188,-149,125,42,32,-138,45,-74,163,10,116,-100,65,-132,-79,-83,-14,96,15,33,187,-67,63,-58,-74,-16,78,-85,-157,-55,-184,-44,107,94,-79,12,-119,133,-157,139,-34,81,-158,128,46,-18,-171,8,143,-200,-20,115,111,161,41,69,77,-191,28,-108,-177,-57,-14,192,93,69,-91,177,-200,-42,83,-13,73,-91,-119,-68,-177,-145,-140,-82,-21,-64,-104,-196,-82,179,102,-169,6,169,-20,127,134,78,80,88,65,166
177,0,-45,127,152,-131,115,-137,-64,-174,-142,133,-73,-102,190,8,27,-73,-44,23,180,180,18,29,-134,42,-52,-9,44,-76,-24,-147,130,50,120,86,-138,-39,-112,139,101,-117,-184,-14,74,180,141,-195,166,132,-72,-177,-200,41,121,17,-190,71,81,45,5,-152,35,146,126,169,158,198,48,185,-188,103,49,-173,129,59,-41,4,-174,-56,-5,11,-56,98,167,36,4,-187,20,193,77,134,-68,-131,-142,-109,-170,-73,-182,-73
-21,-12,147,145,9,-193,-95,-163,-57,-70,29,-23,-47,-185,-67,118,192,-79,104,-157,-200,155,-20,-109,45,-14,-84,-26,49,21,195,-46,-150,-139,-179,28,149,-139,-74,90,3,-193,-147,-52,104,-165,-139,105,-173,-137,97,57,-178,-103,-132,150,76,-12,-80,-27,-47,-112,12,-69,187,-173,-50,-175,-176,-44,112,155,-113,-173,-96,-101,68,-144,6,169,175,14,-14,176,-120,-15,-8,58,-91,1,7,141,172,183,92,200,-143,66,-198,115
23,-48,83,17,155,-44,-18,127,-107,-180,-17,-16,-1,170,144,-10,196,184,189,-178,27,14,-167,122,-53,-91,131,-176,52,-93,-56,116,188,-196,-182,158,-113,-52,94,183,-190,130,90,-37,192,185,146,-196,197,-111,15,13,-102,-44,-22,-4,61,-145,-156,142,-149,11,87,189,64,21,-16,160,-115,-42,57,-80,-44,-132,133,-178,-68,-76,11,155,-4,188,-34,51,121,-31,-114,-171,-181,89,200,7,-180,-85,164,7,196,-1,-73,-173
167,-42,131,130,-102,-3,-14,171,12,-140,34,-3,-169,125,90,-19,43,164,-51,67,-123,57,-151,-115,196,188,91,184,-170,-149,46,104,-174,19,39,-89,-114,14,-51,99,-196,-167,101,-170,-72,-58,-69,144,16,-30,-88,74,-76,-12,6,-154,-13,-165,-66,110,46,-102,-95,60,74,42,-3,17,-20,85,-186,-142,-180,-142,106,171,-52,-188,166,-43,-13,88,124,41,-177,37,145,-166,-184,-105,-95,-149,188,-156,-192,188,195,-33,49,-14
129,-13,115,-192,-146,57,19,141,93,122,-122,-173,-132,18,-143,-66,19,2,-8,99,-131,-141,180,100,14,-18,95,87,-110,44,183,-154,161,-97,-196,41,49,-141,-27,-140,-131,17,131,-16,-72,11,-43,-125,185,-114,-166,169,128,-108,-22,87,20,99,20,105,53,73,-123,51,-194,187,-151,-51,82,-165,-94,86,117,-91,-143,-76,47,150,78,-119,51,-23,193,-62,55,-31,23,99,121,178,-11,168,108,-88,77,-64,-108,-161,73,75
-194,-167,-53,140,194,-119,149,13,-154,64,-11,-185,112,189,162,-113,-90,174,-135,-62,-82,22,-69,42,-168,163,-197,-103,-140,-152,-168,141,28,78,-161,72,-146,66,37,96,49,98,-158,-95,149,184,-104,-13,-2,-148,195,-43,-97,-88,185,-62,197,-110,-176,-23,181,19,70,76,-26,99,50,28,183,32,97,39,121,151,-121,-63,68,52,-45,-19,-27,61,-177,-2,-81,112,-108,-162,176,189,-192,-171,-105,96,5,115,-18,-76,67,103
-122,-124,96,-200,-122,-166,-65,-76,-71,61,-179,76,-182,162,-9,181,-152,-110,125,186,-164,-156,-9,-152,-155,179,-92,22,133,84,143,96,100,-168,88,93,-191,149,186,199,198,132,59,-89,69,-119,183,183,23,59,-107,111,141,27,46,-61,-45,-56,-43,-80,-73,-179,-55,-50,142,-86,64,138,169,197,-151,153,7,-105,-55,108,-150,-155,60,-58,-165,-26,-178,106,73,-182,119,-165,-129,-193,135,62,65,-29,-186,77,47,156,-14,-89
-103,98,-198,-67,-65,157,180,28,188,45,138,28,-121,49,169,72,-182,-70,45,-98,-73,109,-143,-165,57,-157,-12,-120,-43,63,112,-79,-3,200,188,-90,183,138,-114,42,-200,111,15,69,98,-181,142,-71,116,163,-97,-67,143,115,16,-33,17,111,119,-141,101,-75,-123,-1,-145,189,73,106,-121,-65,-163,63,-110,150,-48,-20,90,178,-119,-134,169,-37,86,-51,-189,-111,-115,113,-108,-44,60,3,-35,-148,-82,170,-192,-191,-56,-4
-162,39,-30,13,14,-115,-132,107,104,-141,98,-47,-28,165,-131,152,-14,-147,115,98,148,-152,85,160,144,-144,10,-190,142,-84,-17,-93,29,-19,-52,-52,-47,138,172,-144,30,119,-7,105,168,-196,-14,-43,39,-87,199,-42,-62,-112,71,-198,7,-116,171,-44,-128,36,126,-26,163,129,-117,183,50,62,63,18,-150,152,128,-130,-104,118,90,100,134,-140,168,26,-12,7,-80,198,139,-72,-137,-45,-137,-36,-12,-119,-158,-27,-94,-131
-192,-16,-177,-33,-121,-63,-64,-139,174,-46,-70,-98,20,-136,-119,63,75,-41,90,-42,9,-85,-84,-107,-3,-182,-112,11,-74,130,-31,34,5,-62,101,159,-162,-88,75,-68,-194,-158,-102,37,-135,-79,-97,180,175,-131,-64,-119,-58,22,41,-145,-1,-46,47,-48,-21,-74,55,84,-28,11,98,-177,-75,-174,136,14,-141,160,-123,150,-54,132,22,110,-136,-60,-113,107,61,18,-10,-134,59,196,60,41,7,-106,84,60,127,-85,34,60
106,-35,-7,-74,26,-190,-127,32,-85,-184,-166,142,-94,158,56,-108,78,50,33,171,-138,91,-33,192,-177,-61,30,46,-41,-7,150,-10,117,93,151,-200,176,126,184,193,-54,57,42,-160,104,-49,105,-51,184,-23,-167,-175,-55,-108,45,-167,26,7,99,-47,-190,190,-60,126,45,-45,67,6,-139,-23,128,-69,88,-20,-194,-192,-91,78,106,59,60,140,-89,170,71,163,117,-151,-164,105,179,-49,-79,15,51,-64,-47,-92,185,185
192,54,149,91,-197,126,15,-30,118,41,-58,-131,137,56,193,149,-184,-191,100,-194,166,-135,-63,-124,-16,193,75,41,200,180,79,-20,-174,166,-183,-161,68,-107,-77,2,-39,60,-55,-158,11,30,-162,-146,-184,-99,184,-45,63,88,-49,-56,164,89,57,168,-69,93,50,61,-62,189,-41,-180,-116,12,135,41,-3,48,-85,-136,-176,-38,-152,195,-41,89,-60,-144,200,-165,-119,-73,-36,-154,-31,177,13,-107,-1,-183,104,-160,118,171
-71,126,100,98,24,128,145,-185,83,-140,-141,-45,-63,1,-135,184,-150,170,-44,12,118,135,-182,41,1,188,36,42,198,-93,-9,-175,-103,192,55,-176,72,97,8,-147,-197,-51,149,143,-145,-128,154,132,60,100,-59,-138,-81,-20,-37,-31,140,7,-85,-48,-21,121,197,57,110,-173,-137,30,186,145,-156,-125,-76,-25,199,108,-162,126,166,85,-155,-27,31,-50,-183,-137,177,-134,-80,-27,-150,39,86,-110,-50,99,-181,-138,-59,-118
117,156,129,138,-143,-9,-43,24,104,89,-98,4,-36,35,-186,9,9,-189,87,57,-125,-85,22,185,78,-44,-190,14,16,21,46,149,0,62,-80,189,-155,102,70,23,178,-193,60,31,169,22,94,149,-68,63,-10,187,-172,-193,69,7,181,-143,-28,-94,121,49,89,-124,63,20,153,50,8,-120,186,69,-12,-152,13,128,81,131,-29,34,147,79,-183,-46,155,0,91,187,98,-169,-196,67,-17,117,-53,-50,86,-182,15,163
108,-87,-173,8,-82,-169,93,68,-52,-109,98,-25,-158,169,162,94,131,71,92,-33,106,83,-140,-105,-190,7,-198,16,-104,45,-11,39,-128,-21,-114,68,-159,-70,149,8,134,61,-159,-22,160,-147,196,-77,-16,138,-127,35,-150,92,-194,-117,-153,-189,3,-154,182,-53,179,-84,-5,-28,74,161,99,-144,177,12,-191,-29,-60,165,-96,190,114,-180,109,-83,170,99,158,140,120,118,-135,-15,-6,99,168,-78,99,-29,85,161,-108,-10
97,-161,-49,187,-109,63,68,-117,176,57,-109,15,-72,-22,-195,-129,-91,30,139,-151,-175,-176,99,-114,-28,72,38,46,-55,-74,173,144,-85,-43,-174,122,158,-159,-112,120,191,87,108,21,11,-76,200,-13,141,-47,-92,-101,-59,-76,160,192,195,-27,-150,-48,-179,79,-38,186,196,139,150,-114,187,-154,-109,194,-25,-169,-171,-157,-142,-102,-171,200,-155,-21,107,-169,-192,175,186,39,13,3,170,97,-84,-54,190,2,154,71,-94,-119
117,120,63,76,-87,131,180,-15,36,91,46,-90,-186,107,-116,-199,106,182,145,-105,200,48,-29,-188,102,36,146,-23,-66,-126,-14,-31,-36,121,119,-118,-164,180,136,33,51,-146,130,191,-139,132,-48,41,-9,21,-155,3,-133,192,62,-191,-3,-141,175,179,67,121,111,-74,-127,26,-37,123,-165,167,25,141,-84,-106,-192,83,-101,10,43,27,167,112,188,76,181,-12,196,168,26,-66,80,-189,184,-105,-64,60,-106,-76,111,167
-22,-98,-61,-195,143,48,132,-141,-76,60,-128,165,107,87,-145,-75,-40,-78,-182,-136,4,38,-152,34,-103,112,-68,-71,-128,-12,30,-197,199,-77,-167,-129,-28,-99,101,43,-1,-49,-19,-61,-191,-81,-90,174,113,-105,90,196,185,-197,32,-31,176,-185,195,146,-32,147,147,-77,125,122,41,35,-156,165,-136,57,131,-85,-179,-155,-53,5,163,168,-130,94,121,67,6,-144,6,-90,72,5,-185,20,3,-145,93,-97,96,-147,196,-22
124,57,187,164,-85,-183,2,-119,-15,-127,174,132,-160,5,48,153,84,138,-42,-135,-57,157,193,17,179,-186,-82,82,-63,-80,-70,-180,119,168,-186,129,-182,59,-153,-114,111,-92,-165,50,-186,-73,109,-185,-65,88,98,-187,135,-131,-64,-64,36,-155,-142,89,94,-104,18,191,-176,-60,162,24,-38,22,-6,-174,56,138,-65,-183,-190,-118,173,-97,-147,-173,-30,69,24,181,177,23,-125,147,-178,-96,62,-30,135,-198,74,80,87,-168
-148,132,-139,-77,-11,-11,103,-114,-116,198,-14,137,128,-165,112,24,-105,46,182,-26,65,-23,-174,91,-9,-182,124,-139,-72,-131,-88,-170,17,109,-9,-96,118,150,140,-200,193,148,-65,-182,-113,31,-127,-54,9,-7,181,140,136,-195,31,-3,30,70,159,175,69,-102,77,-11,-125,-10,5,186,168,169,-167,147,149,-64,-193,20,104,-87,-30,-33,135,42,139,180,30,105,-73,140,-170,-147,19,-168,55,-38,113,-23,-45,37,-150,-56
115,-147,-112,-3,182,-75,61,-56,-46,0,-49,-167,-18,-163,-45,-123,34,-64,187,44,-131,21,156,-92,-14,-16,-63,37,50,-149,-100,-75,-33,-70,-122,167,0,100,-139,87,-172,23,31,82,-44,-154,-198,-15,-9,-43,-118,-128,111,-135,-125,39,-72,-48,152,-110,-29,166,-166,34,-163,-81,172,102,84,-138,68,-125,-30,145,-29,110,-64,-106,-14,188,166,3,-80,-171,190,-91,50,79,118,-103,-158,136,-23,124,-20,4,-33,176,164,-180
-1,104,81,186,67,-41,83,-187,-189,-120,50,-29,149,178,2,13,-111,136,155,-192,20,-48,86,32,-89,187,-20,-131,-62,-164,36,188,20,199,-184,79,-145,-103,199,-132,-185,38,188,-50,115,-55,101,73,-177,-157,-114,-135,-82,186,136,42,-46,-71,177,-15,44,141,-39,87,-162,-41,3,111,-177,-33,-171,119,43,0,55,131,92,142,7,-4,122,174,7,63,-191,-40,-63,14,115,52,-112,-23,-116,-53,-132,82,-93,22,62,-56
-7,-53,-200,50,15,144,-72,172,5,-50,-11,-109,168,73,-47,8,-55,-155,12,111,59,137,-197,-197,-141,173,-191,-200,174,-188,176,-1,-87,68,26,-57,42,-60,-164,16,154,-162,-76,-55,-132,53,-149,-45,-112,-130,-166,-4,155,28,170,-20,109,-47,139,95,94,98,-151,-95,-78,169,-198,140,137,-155,-148,23,-195,-18,109,-140,-47,-64,39,-50,-37,-132,-112,-137,-186,56,-108,-95,99,103,151,130,-138,108,14,198,100,5,-162,-164
-2,58,0,196,-150,126,149,-20,55,-103,108,59,15,-35,-133,16,28,200,-137,10,81,-66,-72,-197,-157,140,-122,-138,176,-182,-129,56,63,-167,-39,-142,180,-56,-166,-30,50,196,123,152,115,97,78,179,-166,-138,5,104,-165,120,2,108,136,-24,-184,-94,-40,6,92,141,-100,-181,157,-125,18,190,162,132,-17,-62,154,-168,160,142,189,123,130,-159,-30,37,-44,20,-117,173,-100,-97,-79,114,-71,42,90,178,-42,114,-106,-70
187,-140,-40,-161,60,186,78,-57,-181,160,62,26,193,3,-100,137,-184,100,47,-127,-58,59,62,173,139,-50,94,-102,-103,-117,51,-52,40,-97,-188,191,150,-25,45,-190,139,-3,11,-46,-74,28,-168,-146,-83,145,-104,192,25,-119,-108,19,199,-104,-127,162,33,169,87,-33,200,1,170,-35,-139,-14,-106,83,31,-163,-48,153,129,-45,-151,82,163,60,111,99,-62,-27,-172,161,194,22,-189,-184,-127,44,-146,-132,-95,-86,121,46
-119,131,147,-34,83,145,67,-86,104,-103,189,-87,69,-97,126,-10,21,-66,-131,29,-157,-8,-81,-56,-129,135,86,-38,115,147,-182,-90,54,-98,-96,-11,-49,-170,113,-115,123,-194,9,36,50,-165,59,97,-22,194,116,-157,-77,27,188,-188,-100,-191,159,-43,-85,-131,122,-52,-160,186,-56,-192,167,-77,87,-180,-40,-75,111,-193,-103,5,-39,57,-171,143,95,169,-61,-108,-83,186,-78,-191,-111,-22,133,-188,-155,-198,-144,-59,-150,-18
116,127,-27,4,114,116,66,176,184,101,-121,108,-193,97,175,-38,-119,44,166,-32,-21,77,113,-21,-162,108,-47,-135,-8,-163,121,152,63,-193,-84,119,-200,52,-69,-140,3,-78,128,-28,80,-44,-17,148,-188,-22,-117,-141,115,135,-65,16,-106,86,14,-106,-143,-139,17,52,-60,74,-73,91,116,-57,178,91,165,-172,-63,133,13,-146,-85,128,188,11,-3,-91,-148,146,-7,-134,154,187,-45,147,-98,-103,179,-170,62,-88,-140,19
114,126,64,-162,116,128,168,-27,18,161,185,-84,-7,48,149,-139,143,-138,171,-152,160,-147,96,-24,-21,191,29,-63,-16,-62,103,-56,37,4,143,-14,106,109,-1,167,169,-132,172,38,152,119,38,-170,-7,87,-149,-27,-88,-151,194,180,93,139,153,-83,40,27,39,143,-29,146,192,-77,14,-125,-160,-187,-144,92,116,178,68,136,-43,55,-50,156,-16,-160,-59,47,-14,-135,-71,183,-142,159,174,-102,-122,-141,-51,139,-187,-133
-135,-112,-172,-66,18,127,-22,-100,-180,-170,20,86,-157,-183,-86,-88,16,47,166,18,197,-57,-121,174,-63,-158,135,-12,-136,-99,-42,6,130,90,-3,-30,-147,195,-83,-104,-87,-90,-188,125,195,83,-69,-53,-68,135,-23,-200,103,-187,160,103,53,-37,-149,112,-111,-168,3,-11,124,-151,90,-43,-163,1,22,8,-171,132,-27,191,153,96,-105,196,82,-124,-37,21,5,124,24,-145,-78,-168,-28,63,-15,31,-178,-158,180,-116,101,89
123,-106,133,86,65,177,43,117,16,-152,-175,65,166,-127,14,146,62,-21,-72,-29,42,-112,-147,-39,-180,84,85,105,76,197,-7,42,46,-20,52,-128,-179,-70,105,-30,-22,144,-46,101,130,130,11,122,-89,-190,134,-110,108,167,-153,75,131,-33,-95,-81,155,115,-16,-171,-63,-36,-101,197,-75,-43,-134,166,3,-99,70,55,-45,20,-173,-30,8,120,-156,-180,44,-55,-144,-166,198,118,191,-90,32,-148,139,-103,154,-62,104,86
-107,50,-175,192,-37,136,151,151,-170,142,181,66,149,161,32,-21,17,-94,-145,37,48,13,88,82,-21,-69,81,-153,-161,120,-83,-169,125,174,-180,-58,-148,165,-176,-95,66,-37,-125,-56,-127,172,-185,-179,-41,-176,-23,130,136,61,190,19,6,40,-127,-73,-193,78,-146,86,54,-143,21,-33,-76,152,161,-99,175,-196,-190,-71,158,-12,-92,55,-193,-21,76,-65,151,-154,114,193,-22,138,111,82,-21,56,-57,-67,-166,124,-200,194
-12,-105,36,-97,-26,157,97,173,-147,190,68,3,41,163,-36,78,48,-125,-160,49,114,67,128,-55,58,-140,-101,159,191,44,-121,-80,186,-121,-9,-124,182,172,-18,34,41,-55,-65,-38,-170,-15,-178,-39,-153,-128,-18,127,47,11,116,124,-24,101,-147,129,150,179,-80,75,-75,24,-161,-146,146,-122,54,49,127,124,-44,-172,38,149,-11,140,-43,-180,12,-38,-94,-31,107,-145,-146,74,102,-153,194,61,-71,153,-177,-88,184,169
146,172,-188,184,28,-19,-72,-58,-66,105,39,99,136,-123,13,102,-158,97,-86,-108,108,172,133,72,-38,149,-39,-98,-111,45,50,-200,41,97,166,-67,28,-11,198,73,156,180,163,-113,-106,200,74,-41,25,105,-40,38,-181,142,-51,-91,49,8,120,-76,-135,35,-76,-17,-4,174,38,-20,82,-190,-169,-26,-183,-42,-56,-155,-113,-132,65,-166,178,-121,-124,-141,92,111,-171,180,-8,192,106,-35,-113,25,38,116,-132,-64,-197,-16
108,-178,16,66,-166,114,51,-49,-179,-192,93,-132,87,169,-60,-138,-89,109,-42,-102,-76,-5,-166,-135,1,140,184,83,54,-54,-124,154,-97,-200,94,-6,-143,-81,-124,-15,-137,-175,-25,-108,-11,-110,-134,38,115,-30,37,-7,-23,-118,-76,98,43,168,144,-54,-145,-110,-26,32,97,186,38,-42,141,-124,-3,122,-19,-60,-67,131,-173,29,-1,19,19,-51,99,-116,49,-112,-143,125,-44,-82,175,-132,-61,-19,-54,51,-159,-196,172,105
186,48,-155,120,-138,0,-77,31,-179,-96,-24,-37,40,-77,130,24,-143,105,-151,-62,113,-104,38,47,174,11,166,182,-196,-104,-144,113,-96,-192,172,-141,8,-75,-118,151,195,-153,31,-80,-167,-195,-95,-124,-123,-158,-33,-179,-177,195,130,-135,-195,149,-23,91,-143,-132,-61,76,-28,160,-103,187,118,187,-99,-17,185,-5,12,-166,-89,173,-76,71,171,57,-103,-60,-176,193,-97,98,-37,131,-92,-10,-64,137,187,47,176,-30,-103,50
150,50,169,-58,-24,130,-38,134,-58,0,-45,71,165,-182,-167,141,92,151,-54,-38,-23,-62,-132,163,172,-59,73,-189,16,-8,56,161,-179,122,-110,-4,118,-109,43,-191,-23,81,112,9,189,185,153,-16,-155,186,122,57,-96,-118,-48,-55,159,-145,67,1,-159,108,10,87,-51,-146,188,133,-70,161,-32,-72,55,-151,63,-98,11,-184,170,-81,-187,192,-111,-131,108,-30,-121,-117,-7,-190,22,136,-50,106,174,87,-26,-104,52,-97
-42,185,176,-20,-194,-189,8,116,115,138,92,46,-59,-171,-127,121,-125,186,135,-141,77,-132,-31,-26,-198,127,66,-74,127,-134,62,-179,-191,186,-21,-178,-21,138,-74,-140,106,9,177,151,-113,-63,160,-50,-43,174,102,-103,-153,56,157,189,-174,17,184,-69,-190,76,65,153,-182,-64,195,-97,12,148,-163,-71,-43,10,11,-137,-37,165,180,169,-92,193,140,158,-39,-30,-58,-97,-100,-83,-168,-88,-48,-127,178,14,-189,0,-20,27
-20,106,158,24,106,-98,134,10,63,134,-20,7,-196,-49,114,-31,-169,194,54,94,-119,-165,148,94,-3,194,-125,143,34,97,26,-194,164,-116,-113,-70,111,135,-33,161,-148,30,143,-104,-6,168,-43,137,117,-76,95,39,89,139,-135,136,-153,-106,-61,54,160,170,152,31,-108,-14,99,-55,130,-44,-116,78,-86,76,-88,-10,178,11,142,20,-198,18,-51,44,-98,151,41,-58,168,109,66,105,50,-125,59,-196,191,200,-128,1
56,132,61,-8,-189,-80,139,194,-62,-107,-74,-31,139,176,195,140,78,172,184,-40,171,-140,-169,58,-137,-81,-86,-20,-99,124,6,-43,0,-93,71,-66,-12,155,200,-151,-178,-50,-10,-160,-179,39,-134,-9,83,172,-195,-114,45,101,-186,-192,-108,-147,-19,95,-95,-123,73,-60,75,-116,-113,-85,18,128,90,-6,66,26,119,184,3,174,-155,-144,5,-119,-60,59,138,109,-68,106,174,175,-136,49,28,54,-19,38,30,-166,103,-37
-14,-169,146,-120,-55,-4,135,-166,-87,147,169,199,136,123,27,22,196,-38,-50,-38,88,-57,-56,133,-79,-199,-56,48,67,-53,-138,162,124,173,-81,48,-26,131,2,73,-158,-40,-66,-83,110,106,-66,140,-126,-54,38,23,-70,-160,-181,73,-49,94,53,18,62,94,-188,60,191,94,29,-173,129,50,-101,72,-48,5,-34,-187,78,112,137,-109,-46,-71,74,59,-93,-165,134,-150,-167,-177,-53,154,64,-29,58,178,-152,136,30,-30
105,-128,144,-191,-21,1,128,-113,-110,-35,168,21,-65,153,-166,168,-187,-30,-91,-152,27,-120,-70,-108,-66,175,-92,-34,21,-85,-32,140,-89,-51,-186,-29,130,-9,48,124,-27,-157,-66,-194,-130,-200,-139,-7,-23,-180,-90,161,-179,-85,-90,26,-191,153,-123,96,45,190,24,-11,-141,169,27,-187,-105,-147,149,171,172,104,145,47,19,134,111,71,-110,-134,-8,-74,200,100,-86,-93,-148,-104,-193,-103,123,-74,46,79,-33,32,153,169
-14,-47,-173,-50,24,-186,-188,188,164,5,-88,-93,147,-151,-109,56,177,-32,53,-101,137,100,-194,-138,-170,151,5,82,16,-1,-67,5,85,73,0,-40,92,-199,-111,-197,105,45,-29,57,-16,115,-117,-9,-119,-90,-64,-178,64,-181,-133,-82,-16,149,158,139,-192,-121,-119,85,109,7,2,183,183,-183,-132,176,-110,6,109,-194,27,47,-172,-41,-138,-97,-192,-147,76,-132,90,-143,-81,-72,23,76,-106,-190,-178,-12,-50,-118,187,-12
3,-8,184,178,-90,161,7,168,3,171,35,24,132,-49,-27,-154,-31,183,-137,-68,142,62,16,-99,124,171,-64,104,72,-136,-163,-107,195,94,-23,5,-179,-4,-11,-146,-17,-70,72,-178,-20,-60,-55,-111,-111,159,152,51,-168,-176,-176,-138,128,-1,-129,-151,-157,49,199,43,121,52,183,114,32,-21,48,-169,-181,164,-65,-9,193,119,-158,118,160,183,-142,29,36,-139,-144,-199,-195,124,160,159,-41,-109,33,1,174,-168,50,-101
141,-113,181,-92,134,-59,-1,-158,17,-51,-108,80,-193,9,92,-86,91,-101,107,140,-95,-19,-19,-125,-77,-68,154,166,154,-50,64,56,-198,94,160,46,-152,-64,177,144,-155,118,-177,62,3,-16,-171,-114,-98,-93,49,-96,185,124,-145,-77,41,22,-25,-149,-169,-94,-88,70,126,172,-9,-67,-28,-105,163,-70,-76,8,-119,-122,-178,166,-167,-106,-182,92,-137,158,-45,-85,119,168,85,-100,51,43,-3,192,-123,153,-152,-3,-99,-162
17,-177,28,66,-140,-47,-67,-85,120,155,-132,-20,16,-198,-29,123,186,-96,45,-111,155,76,102,96,91,2,147,62,50,86,144,10,-105,191,72,-32,-11,-43,-103,-87,-94,93,82,-8,-169,184,160,124,-97,170,-28,-7,21,84,162,-44,172,-199,-67,64,119,49,-103,-174,123,186,-86,55,85,-132,-40,187,-172,138,147,-40,24,84,-117,76,60,6,-32,-66,-94,144,132,-89,-123,154,119,30,11,115,-38,-148,-18,-109,156,-200
39,74,-182,-98,-85,-68,-64,-113,94,173,140,-86,-13,-49,95,-107,-102,-87,-116,192,137,-183,20,117,168,-81,49,-16,-106,-66,-166,187,31,4,-152,-150,135,107,-67,-115,47,-10,7,-200,135,169,-161,-40,-193,-100,-11,-24,50,-66,-76,37,-188,-41,103,-14,-107,-16,-45,-199,-23,171,-172,21,145,-126,40,47,137,-200,134,-87,26,-12,74,138,-179,-44,61,-75,27,-65,103,169,146,-110,97,14,-156,88,108,-137,-82,-79,68,-65
94,-115,0,-116,-39,64,49,-62,117,18,90,12,-168,11,88,104,-61,4,-9,-169,118,-191,-196,-75,-47,196,-197,43,-132,-25,123,-110,65,74,39,135,-17,-42,120,161,-1,-133,132,-125,16,100,-105,125,-63,-44,168,-161,127,180,93,28,-76,140,-127,28,110,-34,123,39,-111,18,197,188,111,-65,-27,134,-159,124,33,182,-91,-54,79,34,-163,-31,126,-14,26,47,-152,47,-128,-21,-29,-65,-65,1,-122,-4,29,-184,-8,-197
63,-76,70,139,137,-142,15,-21,-16,140,9,198,-26,122,8,57,100,-130,-145,-136,-119,72,-200,179,-20,2,191,118,-196,39,183,190,-10,107,-95,-101,-81,184,158,-126,-66,43,189,160,-1,-191,-69,116,34,98,81,-199,-140,-69,-59,103,-122,-3,-143,11,92,-1,-52,-172,-183,-86,-164,121,96,4,189,195,39,100,186,51,-198,103,-142,-17,82,25,-151,-89,-152,-141,-121,-123,200,-71,171,10,-147,-114,91,24,-110,-24,29,-15
149,-130,-143,-134,-42,-114,-93,-17,102,159,-79,-90,-58,-12,102,66,81,165,6,-199,-47,-71,127,-161,-56,36,130,104,-169,92,-42,-192,101,-20,-149,142,167,-103,185,53,-39,-127,-51,-41,-18,-163,-185,-152,136,161,23,-107,5,-73,-58,93,-134,105,182,-67,-36,-124,156,177,167,197,-167,-119,192,57,-111,-30,-155,-30,-188,172,-133,82,-96,135,-200,101,149,12,-117,-127,-177,-153,93,55,66,24,28,108,97,82,-163,29,194,-140
-190,-74,182,21,70,171,12,65,-25,-113,117,38,-75,-137,182,-147,-11,107,1,-170,22,193,172,-105,154,-96,64,193,-114,-88,90,-104,-149,80,165,-73,-50,91,-182,72,99,107,-33,-114,-85,-196,-54,-98,-177,-102,-57,-154,78,-30,-64,-131,120,-61,72,-30,-48,112,-61,139,22,-171,65,152,140,-71,-131,-40,120,-135,-20,81,-53,54,-77,166,-6,-161,-130,-23,-200,200,-76,-118,-166,98,105,30,37,-61,-167,188,63,162,99,177
-151,11,92,172,162,38,142,16,-173,-71,200,83,20,101,-200,54,-116,123,-10,156,162,-101,57,-61,-10,-190,22,-111,176,-35,-113,87,-140,-188,-88,-81,123,150,-51,-120,4,86,-65,-59,178,-15,69,-39,-136,-16,34,148,54,131,-152,48,155,183,94,-62,105,27,-99,-104,86,143,47,142,-188,-171,-55,58,-8,43,-57,-166,-150,73,-141,-95,-119,-90,-119,-120,-79,156,171,140,166,-172,-113,-101,184,-118,-167,91,-40,181,6,-123
189,70,-24,-132,134,-173,88,-65,30,159,133,-189,53,-9,-200,-58,-45,9,182,162,159,148,170,147,108,-35,-112,-110,84,-74,-73,-187,-62,-87,176,72,47,-195,64,30,-21,117,54,165,6,-135,-150,188,-188,138,-188,100,158,-109,156,-165,24,6,89,20,55,-36,-196,4,68,61,-38,-173,-79,-90,-193,34,0,63,144,126,-132,24,-121,123,129,152,-30,145,-183,-56,-70,-60,-187,-14,157,-58,197,109,93,-13,-129,28,98,193
110,-16,147,10,1,47,-108,-138,-1,141,-99,-130,-199,-176,183,29,-1,-30,187,-168,70,-83,-167,200,-100,-98,-138,-121,164,-22,41,-115,30,-63,-88,20,57,159,-58,-73,-178,-161,-128,131,-136,-74,51,162,-112,46,-181,-58,-191,-180,136,-30,158,148,191,-134,-29,60,-180,-122,-111,84,-104,-165,-76,37,-182,-137,194,100,117,126,-138,178,108,194,-13,-151,63,79,13,94,74,-126,121,59,-147,-43,66,183,-81,-159,117,27,48,-186
-188,5,-128,-128,133,111,25,44,149,176,-19,63,-139,-15,-130,-182,6,20,-77,-113,28,184,91,133,-100,124,-136,184,81,77,195,11,-113,-172,-113,30,101,-148,-185,-53,-148,69,-110,4,-176,-135,133,-36,-79,178,-49,144,191,15,195,-185,-59,142,-50,-21,128,-88,-120,-3,55,185,18,49,188,72,184,-92,-130,70,78,-179,-145,125,163,-57,-186,-105,141,-156,-38,-24,27,191,-187,41,-80,-177,-87,111,98,-82,14,-177,-15,-86
